WST Pro4G 藍芽模組更換流程,https://youtube.com/shorts/u2WY9NbVSCA
WST-1400 控制面板更換,https://youtu.be/AzrZEjEsZ0Q
WST-1400 軟化閥更換流程,https://youtu.be/n2hVGlNXAUg
WST-1400 紅外線連接線更換(主控板端),https://youtu.be/rq3VlipsMig
WST-1400 紅外線連接線更換(鹽桶端),https://youtu.be/o1LRMsXoqVc
WST-1400 軟化閥排線更換(主控板端),https://youtu.be/qW-wpC817cM
WST-1400和2000 鹽桶補水異常確認方式,https://youtu.be/Dw2BWbqa8rM
WST-1400Pro 參數設定說明,https://youtube.com/shorts/pfhLGh88fu0
WST-1400Pro 內碼參數設定說明,https://youtube.com/shorts/1MP46NSrSLY
WST-1400Pro/WST-2000Pro/WST-3000Pro 面板更換二,https://youtube.com/shorts/gx2PZvxFdck
WST-1400Pro/WST-2000Pro/WST-3000Pro 面板更換一,https://youtube.com/shorts/gn-18L_3QqE
WST-1400 螢幕背光休眠,https://youtube.com/shorts/Q5vyWYayxCM
WST-1400 電源線更換說明,https://youtube.com/shorts/VldmNvc80cI
WST-1400 換機流程 裝機,https://youtube.com/shorts/1u-mgxZYw-E
WST-1400 換機流程 拆機,https://youtube.com/shorts/PEmg74cMAlM
WST-1400 軟水機 閥體型號設定錯誤,https://youtube.com/shorts/LtkjsVHauYY
WST-1400 軟化閥排線更換軟化閥端,https://youtube.com/shorts/MxIJNuPqw2A
WST-1400 參數設定,https://youtube.com/shorts/SxvPrt3E4-A
WST-1400Pro/WST2000/WST-2000Pro/WST-3000Pro 全戶軟水 TDS缺鹽偵測異常排除,https://youtube.com/shorts/XxIhL0lXmKw
WST-1400 軟化閥排線更換(軟化閥端),https://youtube.com/shorts/bwmR27NAOI0
WST-1400 添加鹽錠注意事項,https://youtube.com/shorts/kPEQyCKfa-0
WST-1400 參數設定,https://youtube.com/shorts/xB28c15Bdag
WST 1400-後方保護裝置安裝,https://youtube.com/shorts/lAiiLbrDGGM
WST-2000 第一次安裝注意事項,https://youtu.be/LaAV4TsY0TU
WST-2000 軟化閥更換流程,https://youtu.be/nH_MEzFhdIw
WST-2000 安裝廢水管與溢流管,https://youtu.be/GU-igoDxYIc
WST-2000 更換控制面板,https://youtube.com/shorts/JU_YFJ9JuHw
WST-2000 旁通閥 廢水管 溢流管安裝注意事項,https://youtube.com/shorts/FmKH7jcNpBg
WST-2000 旁通閥注意事項,https://youtube.com/shorts/_OiF2u0vZcM
WST-2000 參數設定,https://youtube.com/shorts/0h_3oQgXfVc
WST-2000 基本操作說明,https://youtube.com/shorts/xD6A88fat54
WST-2000 閥體型號確認,https://youtube.com/shorts/UBng9qdlGxo
WST-2000 更換中框影片,https://youtube.com/shorts/RxkwXhXhvA0
WST軟水系統4G訊號偵測治具使用說明,https://youtu.be/y3PjWLy50B4
全戶軟水系統 4G版本零件更換升級說明,https://youtu.be/i55xdMweUhs
WST軟水系統 安卓系統APP安裝與使用說明,https://youtu.be/gBXb50C6ApE
大井電子式馬達不啟動調整方式,https://youtube.com/shorts/odmeRcQK4Rk
全戶濾淨排碳方式,https://youtube.com/shorts/RVvo-luX3Ug
全戶濾淨與全戶軟水水路安裝PVC管排膠方式,https://youtube.com/shorts/S4mvsoM8EKo
全戶軟水機吸鹽功能確認與異常排除,https://youtube.com/shorts/XxMi1qgUqgI
WST-2000 螢幕背光休眠,https://youtube.com/shorts/2bjxHCQetpg
WST-1400PRO/WST-2000/WST-2000Pro/WST-3000Pro 低鹽警報功能確認方式,https://youtube.com/shorts/cLZY8tJXjAU
WST-2000Pro持續反洗解決方式(度假模式開啟導致的異常),https://youtube.com/shorts/f2-nAS0IkAE
WST軟水系統AI  4G模組更換方式,https://youtube.com/shorts/k29-JRqd-is
WST軟水系統 安卓APP安裝方式,https://youtube.com/shorts/eIYwPLQDMhQ
WST軟水系統AI  藍芽模組更換方式,https://youtube.com/shorts/a6iGUyqFKSY
WST軟水系統 安卓系統APP 使用QR code 安裝說明,https://youtube.com/shorts/5-XpbL5euHo
AI 4G軟水機 藍芽模組更換方式,https://youtube.com/shorts/CKQyqhjL-4M
全戶軟水機 確認旁通閥正確性 影片1,https://youtube.com/shorts/pa5QUjU__PY
全戶軟水機 鹽井鹽閥組確認方式二,https://youtube.com/shorts/HUl4Ad1ivIE
全戶軟水機補水量確認方式,https://youtube.com/shorts/ljDEEnsBoTw
全戶軟水機低鹽警示 蜂鳴聲的影片,https://youtube.com/shorts/zornEOhgecA
全戶軟水機 度假模式,https://youtube.com/shorts/51GjAfE0Iig
WST-1400 旁通閥混水開關更換影片,https://youtube.com/shorts/bvbhLD7TPfo
WST軟水系統AI 4G模組更換方式,https://youtube.com/shorts/7apDq0O5GZs
WST軟水系統 機台開啟4G連線方式及注意事項說明,https://youtu.be/zKpBosuPexE
全戶軟水機確認旁通閥正確性,https://youtu.be/Ub4fHcapMNg
全戶軟水機鹽井鹽閥組件拆裝說明(適用所有WST系列),https://youtu.be/uq3XauGMfP0
全戶軟水鹽井鹽閥組件浮球卡住排除方式(適用所有WST系列),https://youtu.be/TId_3axTnhg
全戶軟水更換旁通閥(適用所有WST系列),https://youtu.be/UuhPIBMkhNc
軟水機系統設置原水硬度/時間/再生時間(適用所有WST系列),https://youtu.be/ONTk_wdH1Hg
1.4.1 WST-2000Pro/WST-3000Pro 參數設定說明,https://youtu.be/BpE2KRdSrNY
1.5.1 WST軟水系統 安卓系統APP安裝與使用說明,https://youtu.be/WxLY4ihKl4A
2.1.1 WST-1400 控制面板更換,https://youtu.be/j1xwlJKxJu8
2.1.2 WST-1400 軟化閥更換流程,https://youtu.be/f6j3Un3Mpvg
2.1.3 WST-1400 鹽井鹽閥組件拆裝說明,https://youtu.be/3WLsh_8cj58
2.1.4 WST-1400 旁通閥更換,https://youtu.be/YKBltxVHWz0
WST-1400軟水機 閥體型號設定錯誤(適用WST系列確認方式),https://youtube.com/shorts/2HLZS-qeQG4
1.1.1 WST-1400 基本參數設定說明,https://youtube.com/shorts/-g8y4rQEwT0
1.2.1 WST-2000 基本操作說明,https://youtube.com/shorts/AexSvjm1Ev8
1.1.2 WST-1400 內碼參數設定說明,https://youtube.com/shorts/OSN7zKqNKFo
1.3.1 WST-1400Pro 基本參數設定說明,https://youtube.com/shorts/LlS72mpcyfI
1.3.2 WST-1400Pro 內碼參數設定說明,https://youtube.com/shorts/VGhvmCsGXWc
1.4.2 WST 20003000Pro 內碼設定說明,https://youtube.com/shorts/ysPLnypsOaI
1.5.2 WST軟水系統 安卓APP(Play 商店安裝方式),https://youtube.com/shorts/x2lDJ6mMbTY
2.1.5 WST-1400 軟化閥排線更換(軟化閥端),https://youtube.com/shorts/gYjH52y63OM
2.2.1 WST-2000 控制面板更換,https://youtube.com/shorts/ZLgTNcPXirY
2.2.3 WST-2000 中框更換,https://youtube.com/shorts/z_77uj15AqY
2.4.1.1 WST-1400Prp/WST-2000Pro/WST-3000Pro 控制面板更換(影片一),https://youtube.com/shorts/GKP4H_o9ni0
2.4.1.2 WST-1400pro/WST-2000Pro/WST-3000Pro 控制面板更換(影片二),https://youtube.com/shorts/gBkBzDrQ7rs
2.5.2 WST軟水系統 4G模組更換方式,https://youtube.com/shorts/xWqGT-c3YUU
2.5.3 WST軟水系統 藍芽模組更換方式,https://youtube.com/shorts/17kY-D0GTzc
2.1.6 WST-1400 軟化閥排線更換主控板端,https://youtu.be/UsIeMTnxgPI
2.1.7 WST-1400 紅外線連接線更換鹽桶端,https://youtu.be/DnYlsbtUpXg
2.1.8 WST-1400 紅外線連接線更換主控板端,https://youtu.be/-PfFJ1WWcAk
2.2.2 WST-2000 軟化閥更換流程,https://youtu.be/vIWqTMhhoTE
2.4.2.1 WST 1400 Pro 軟化閥更換方式拆,https://youtu.be/iz5U9as8tSg
2.4.2.2 WST-1400Pro 軟化閥更換方式裝,https://youtu.be/5RnCAExHui4
2.4.3 WST-2000Pro/WST-3000Pro 軟化閥更換,https://youtu.be/_KfFQR8Js38
2.5.1 WST軟水系統AI 機台開啟4G連線方式及注意事項說明,https://youtu.be/GczyBlWH9aQ
WST軟水系統AI 4G訊號偵測治具使用說明,https://youtu.be/zJPsBZ9RYXw
惟品WD1 WS1 使用燒錄器 燒錄面板韌體,https://youtu.be/tvI9CfHeovE
惟品WD1 WS1 面板功能說明,https://youtu.be/zsAdQ47XN7A
大理石與不鏽鋼檯面鑽孔方式,https://youtu.be/sZT37vQUF5Y
惟品WD1 WS1 使用燒錄器 燒錄機器韌體,https://youtube.com/shorts/D82dNNZ176M
惟品WD1 WS1 流量校正,https://youtube.com/shorts/ri5byuGWxU0
惟品WD1 WS1 馬達推力測試 需大於480ml,https://youtube.com/shorts/3F32VVpkWM0
惟品WD1 WS1 排水 更換濾心,https://youtube.com/shorts/_a251ag48hQ
惟品WS1 面板電壓確認 單點位標準 休眠0 2mV以下 喚醒170mV以下  雙點位標準 休眠0 7mV以下 喚醒170mV以下,https://youtube.com/shorts/wfO3rGznspQ
惟品WS1 WS2 面板亂跳內部檢查流程,https://youtube.com/shorts/W4hlrehveDk
惟品WS1 WS2 面板電壓量測與影片拍攝注意事項,https://youtube.com/shorts/exmelW1If18
雙通道溫度計確認(電子溫度計、溫度儀),https://youtube.com/shorts/9bcSPqYI-s0
惟品WD1 WS1 APP使用說明,https://youtube.com/shorts/8st7pZRN7ac
惟品WD1 WS1 入水流量測試,https://youtube.com/shorts/-7Gj410O7kI
惟品WD1 面板更換,https://youtube.com/shorts/z9LI-r6Jxnw
惟品WD1 常溫缸更換 安裝,https://youtube.com/shorts/7wLamIf5s4U
惟品WD1 常溫缸更換 拆卸,https://youtube.com/shorts/HKLvWu-TGjI
惟品WD1 WS1 常溫缸更換時水位計更換,https://youtube.com/shorts/ItNb71bQ_jo
惟品WD1 外殼拆解,https://youtu.be/Hx1TXPgtEoA
惟品WD1 外殼組裝,https://youtu.be/73jWxQk7COI
惟品WD1 冰缸馬達,https://youtu.be/AVR4aAOpwAQ
惟品WD1 底板更換 安裝,https://youtu.be/Pl6UJQ5HnfI
惟品WD1 底板更換 拆卸,https://youtu.be/Mhko2g_EiPI
惟品WD1 常溫缸馬達更換,https://youtu.be/Cj941tMFygo
惟品WD1 熱缸馬達更換,https://youtu.be/J9gwlakTOSU
惟品WD1 WS1 一對二電磁閥,https://youtu.be/1fKP0Mif0qs
惟品WD1 WS1 加熱器更換,https://youtu.be/dnx8ne4FjDU
惟品WD1 WS1 流量計更換,https://youtu.be/pPbPNhCy5vA
惟品WD1 WS1 常溫缸水位計更換,https://youtu.be/6HrQukYo2N4
惟品WD1 WS1 電源供應器更換,https://youtu.be/iY-M3Dlp-ew
惟品WD1 WS1 熱缸水位計更換,https://youtu.be/QmyLGdy-9v0
惟品WS1 外殼拆卸,https://youtu.be/kR6FHeaX6sw
惟品WS1 外殼組裝,https://youtu.be/G3ZkPk0Ipf8
惟品WS1 常溫缸更換 拆卸(影片一),https://youtu.be/jnbGGbYWLV0
惟品WD1 WS1 新舊進出水電磁閥比較,https://youtube.com/shorts/xb8wqzCAjag
惟品WS1 常溫缸更換 安裝,https://youtu.be/KURrvq9sfIw
惟品WS1 常溫缸馬達更換,https://youtu.be/aVmmuHeGk5Q
惟品WS1 熱缸馬達更換,https://youtu.be/Qg3A1iDgHn4
惟品WS1 底板更換 安裝,https://youtu.be/rnx56wymKy0
惟品WS1 面板上蓋確認&更換流程,https://youtube.com/shorts/ketye4DZ-5o
惟品WS1 常溫缸更換 拆卸(影片二),https://youtube.com/shorts/te93HgaCLFE
WST全戶軟水機溢流管使用的WST不銹鋼卡箍與濾網,https://youtube.com/shorts/O2_q86RoGE4
WD2面板按鍵功能操作工程排水20秒設定是給產線出貨前用氣槍排空內部水時用的，模式下會將每個閥體都打開,https://youtube.com/shorts/E0_L9bH1-zs
WD2面板按鍵功能操作水量微調正20到負20設定,https://youtube.com/shorts/RMcjC19_lOM
WD2面板按鍵功能操作出水燈開關,https://youtube.com/shorts/_joCZwgQ4B4
WD2面板按鍵功能操作年月日及時間設定,https://youtube.com/shorts/qiPHWN5ahts
WD2面板按鍵功能操作更換濾心設定,https://youtube.com/shorts/wfVnEsuw8ZQ
WD2面板按鍵功能操作查看原水入水溫度跟熱水功率設定,https://youtube.com/shorts/G2kpbjgwjYQ
WD2面板按鍵功能操作查看原水入水溫度跟熱水功率設定,https://youtube.com/shorts/G2kpbjgwjYQ
WD2面板按鍵功能操作流量校正30~50設定,https://youtube.com/shorts/IEp2RYAnD7w
WD2面板按鍵功能操作面板背光1-5段設定,https://youtube.com/shorts/75o_i0zuyZI
WD2面板按鍵功能操作面板音量1~3段設定,https://youtube.com/shorts/PUoZKtLLDoI
WD2面板按鍵功能操作韌體版本確認設定,https://youtube.com/shorts/AxAcL4IAkh4
WD2面板按鍵功能操作溫度及水量設定與6組預設設定,https://youtube.com/shorts/nkh4V7p9GN4
WD2面板按鍵功能操作節能開關設定,https://youtube.com/shorts/UVx8ao8cINA
WD2面板按鍵功能操作錯誤碼顯示方式,https://youtube.com/shorts/daCEkr-02po
WD2面板按鍵功能操作濾心開始時間年月日設定,https://youtube.com/shorts/c-GyAgSONCQ
WS1 底板更換 拆卸,https://youtu.be/7lr2Vo81W6w
WD2面板按鍵功能酸殺流程,https://youtu.be/ap6rFnIF_Pg
WD2 APP操做,https://youtu.be/iQBCZBFyEA8
WS2 WD2 全電壓版更換,https://youtu.be/9uZP8TsnUvA
WS2 零件更換220V 加熱器安裝,https://youtu.be/-3a36V5AuHc
WS2 零件更換220V 加熱器拆解,https://youtu.be/-KmrZyQgQ94
WS2 WD2零件更換二濾芯進水、三廢水號電磁閥安裝,https://youtu.be/aZ7_sZ5SZyw
WD2 效能模式畫面，請客戶常案熱水鍵解除效能模式,https://youtube.com/shorts/J7y1Q-cwwAk
WS2 WD2  出常溫水ERR1確認感溫線方式說明,https://youtube.com/shorts/gkmuEkoecqk
WS2 更換大象鼻注意事項,https://youtube.com/shorts/eNsY3NAuMCA
WS2 WD2流量計更換,https://youtube.com/shorts/tlX-0Cnt8-c
WS2 面板上蓋更換流程確認,https://youtube.com/shorts/l5dxchOOoJg
WS2 面板上蓋確認&更換流程,https://youtube.com/shorts/wNJyIlar1FA
WS2 面板亂跳內部檢查方式,https://youtube.com/shorts/NL47Arl0Kn4
WS2 WS2 進出水電磁閥異常確認方式使用治具,https://youtube.com/shorts/F-OtrhgtMy0
WS2 新款 矽膠出水口單彎管PIPSIL2078 0安裝方式,https://youtube.com/shorts/KmcN2C99vNw
WS2 WD2零件更換 感溫線更換,https://youtube.com/shorts/UcMfVh_gS84
WS2  WD2 零件更換二濾芯進水、三廢水號電磁閥拆卸,https://youtu.be/pIgQmT_Hug0
WS2 WD2零件更換主控版更換,https://youtu.be/fXLHU2HJtps
WS2 WD2 零件更換全電壓電源版安裝,https://youtu.be/pXxS_KVCuRI
WS2 WD2 零件更換全電壓電源版拆卸,https://youtu.be/DgOOiHZjM_Q
WS2 WD2零件更換流量調節閥、一號出水電磁閥更換,https://youtu.be/bUAe7fL_AX4
WS2 WD2零件更換流量調節閥更換,https://youtu.be/io2efHTkhHE
WS2 WD2零件更換選擇電磁閥安裝,https://youtu.be/F3Ct8qWoIjc
WS2 WD2零件更換選擇電磁閥拆卸,https://youtu.be/Bx3lZDPYtf4
WS2 WD2零件更換瞬冰模組、加熱器更換,https://youtu.be/FLzaGvH3H5U
WS2 WD2零件更換瞬冰模組更換,https://youtu.be/vZYJeQ0Hhk8
WS2 WD2機殼拆卸包含斷水斷電,https://youtu.be/siRdKUjk9Ds
WS2 WD2機殼拆卸,https://youtu.be/DsDXW2gCXPI
WS2 WD2機殼組裝,https://youtu.be/EiXs1aUqUvg
WS2 WD2零件更換安裝機器電路、水路,https://youtube.com/shorts/wTlRt_spHTY
WS2 電子龍頭出水歪斜 初步處理方式,https://youtube.com/shorts/8UY8HZBb6oI
WS2 電子龍頭拆卸方式,https://youtube.com/shorts/uW1IBcBSsXU
WS2面板上蓋更換流程確認,https://youtube.com/shorts/VOirF7m-Yps
WS2 WD2進出水電磁閥異常確認方式使用治具,https://youtube.com/shorts/MZqLy34lVBg
WS2 WD2出水150m 校正方法,https://youtube.com/shorts/_Ss497N7E5M
WS2 加壓馬達訊號型安裝方式,https://youtube.com/shorts/HJGtxV1vmC8
WS2 MP7 面板背掛黏貼方式,https://youtube.com/shorts/6GQMCiYCLKU
WS2 MP7面板LOGO功能說明,https://youtube.com/shorts/gx_mkEiLYzc
WS2 手動連線,https://youtube.com/shorts/jnFuBXUOedk
WS2 出水量微調說明,https://youtube.com/shorts/evKdx5cHA6s
WS2 更換大象鼻與維修時拆龍頭管線注意事項說明,https://youtube.com/shorts/QMxfWrGP4jA
WS1 WS2 面板電壓量測與影片拍攝注意事項,https://youtube.com/shorts/fczAQATglFQ
WS1 WS2 面板亂跳內部檢查流程,https://youtube.com/shorts/juv-3pgY-mA
WS1 WS2 面板電壓量測與影片拍攝注意事項,https://youtube.com/shorts/_Exr6wPj3Ho
WS2 出水流量校正,https://youtu.be/S8QYZ87BTXo
WS2 使用Apple 手機無法燒錄時處理方式,https://youtu.be/tgvOCv2FU20
WS2 使用手機APP 燒錄面板韌體,https://youtu.be/ZfbHUH0RN7s
WS2 APP使用說明,https://youtu.be/uc-3AzH_pVU
WS2 新版本流量校正,https://youtu.be/0CmirVrokUA
WS2 面板功能說明,https://youtu.be/v3GkeMrk7xk
WS2 WD2 Err2 檢查方式,https://youtube.com/shorts/IR5Tm0q3Uqs
WS2 電子龍頭 設定與使用說明,https://youtube.com/shorts/SyAbMPkCqZE
WS2 電子龍頭內部有水氣拆解方式,https://youtube.com/shorts/DlfzRD9VoB0
WS2 電子龍頭出水歪斜改善出水歪斜SOP,https://youtube.com/shorts/jV8dzS68I7s
WS2 電子龍頭安裝注意事項,https://youtube.com/shorts/gkVjUisqKk8
WS2 電子龍頭熱水鎖定跟解鎖方式,https://youtube.com/shorts/WbHzaEqgW3g
WS2 電子龍頭檢測治具使用說明,https://youtube.com/shorts/GMqKJcB-hys
WS2 使用手機APP 燒錄機器韌體,https://youtube.com/shorts/m516Pm3oHi8
WS2 使用燒錄器 燒錄面板韌體,https://youtube.com/shorts/-hw7g6rynT0
WS2 使用燒錄器 燒錄機器韌體,https://youtube.com/shorts/PeKIli3h5UM
WS2 面板正常自動連線,https://youtube.com/shorts/s5EAwX7tkhc
WS2 面板電壓確認 標準 休眠0 2mV 喚醒170mV 充電大於300mV,https://youtube.com/shorts/9AdtGRAFsRA
WS2 感溫線異常確認方式,https://youtube.com/shorts/VtuDYV2CQ1E
WS2 H 瞬熱型串接冰箱款方式說明,https://youtube.com/shorts/BZ4dNeJxuvY
WS2更換大象鼻與維修時拆龍頭管線注意事項說明,https://youtube.com/shorts/sfdFdxt6-NY
WS2電子龍頭出水歪斜改善出水歪斜SOP,https://youtube.com/shorts/VBBIkHT-OJM
安裝T排時一律使用八字纏繞的方式固定,https://youtube.com/shorts/5rJJ4wYS6HQ
安裝T排時一律使用八字纏繞的方式固定 1,https://youtube.com/shorts/AqocL0UCpMs
雙通道溫度計操作模式介紹,https://youtube.com/shorts/4ivfS_Z6piI
WS2 電壓220V系列機種加熱新功率調整方式,https://youtube.com/shorts/XK18N2RX680
WS2 機器功率設定,https://youtube.com/shorts/7sTgnxn2pwk
WD2面板更新APPLE iOS系統,https://youtube.com/shorts/4HCnCfAOjAo
WS2 F01流量加大設定操作,https://youtube.com/shorts/NTeQjeOJY9s
安裝T排時一律使用八字纏繞的方式固定 影片二,https://youtu.be/-9fx6GJaHRo
精密溫度計使用方式保溫杯內的熱冰水量測，出水口溫度的量測,https://youtu.be/T8IH8KKO1O0
WS2 酸洗教學,https://youtu.be/mf7mGUCS0a0
WD2面板更新Android 安卓系統20251217,https://youtube.com/shorts/geBaXmE0JgI
安裝順序 水源  P2000濾芯 P3000濾芯必須單獨放流3 5分鐘直至無味道 P7000濾芯,https://youtu.be/QqV49KyWnOo
RF800 RF-900機械式基本介紹,https://youtu.be/5sq7N0_Qucg
【實例】裝機完成影片PF207+PF203,https://youtube.com/shorts/X7CaRYD6-FA
寶塔分水器介紹,https://youtu.be/Ygt7xuAHCAk
三分雙分水器介紹,https://youtu.be/8bn7Hml8sp0
六分六角,https://youtu.be/TrSmc01v8JM
四分六角與雙分球閥水器,https://youtu.be/o8JjlKpALpM
RF800 900串接TK5000 6000異常啟動檢修基本流程,https://youtu.be/QKGmUU55LZU
新人初期檢修階段 1RF 800 機械式,https://youtu.be/jTaP8Qfsha8
新人初期檢修階段 2RF 800機械式串接TK系列,https://youtu.be/nzCArs5AWec
【實例】裝機完成影片RF-800-N,https://youtube.com/shorts/Bf0yNf51_I8
RF-550水源斷點找尋 電磁閥出水端測試問題點,https://youtube.com/shorts/VULOELlFxww
RF-550完修影片 更換料件RO電磁閥,https://youtube.com/shorts/Nads2s96moo
RF-550維修前影片 機器不出水,https://youtube.com/shorts/v9O1vS5XNMU
RF-550水源斷點找尋 R8500進水端測試,https://youtube.com/shorts/KR7DUbTIIGg
RF-550水源斷點找尋 P4000進電磁閥測試,https://youtube.com/shorts/6EsM2cmHW78
RF-550水源斷點找尋 電磁閥出水端測試問題點,https://youtube.com/shorts/dEKxiaPCu08
RF-55000完修影片 更換料件RO電磁閥,https://youtube.com/shorts/ckihakNgIXI
TK 6000 濾心歸零設定,https://youtube.com/shorts/X5v2YAoR8xY
9933維修影片04漏電斷路器拆裝影片,https://youtu.be/d_a3FnmB5xk
9933維修影片05熱水電磁閥拆裝影片,https://youtu.be/aJZubYuXN1U
9933維修影片07進水馬達變壓器拆裝影片,https://youtu.be/SabZ3HFrBQY
9933維修影片08進水電磁閥拆裝影片,https://youtu.be/jKe0o4dVovo
9933維修影片13熱感線拆裝影片,https://youtu.be/s_Kwzaf4M_Q
9933維修影片14冰控開關拆裝影片,https://youtu.be/JELi58b9l-c
9933維修影片06進水馬達拆裝影片,https://youtube.com/shorts/OqRa1cANbQA
9933維修影片09水位計判定影片,https://youtube.com/shorts/YDpAi2ZaPj8
9933維修影片10低壓微動開關拆裝影片,https://youtube.com/shorts/ogQYhMu5UUs
9933維修影片11R8500拆裝影片,https://youtube.com/shorts/OvAUS8qEEZI
9933維修影片12溫感線拆裝影片,https://youtube.com/shorts/zyNnfnMdsec
9933維修影片15冰感線拆裝影片,https://youtube.com/shorts/uv8MMUGX7e4
9933維修影片01故障代碼AO影片,https://youtube.com/shorts/SW92-aFxjCg
9933維修影片02一百度溫控開關拆裝,https://youtube.com/shorts/EibVH-jkyhs
9933維修影片18查看馬達出水,https://youtube.com/shorts/qK7HvSZMg8Y
9933維修影片上面板組裝影片 1,https://youtube.com/shorts/6WcJh_FUo8A
9933維修影片16電控板拆裝影片,https://youtube.com/shorts/Ul3KuYAJlAI
9933維修影片17查看過濾器出水,https://youtube.com/shorts/6QOKjMPNBcI
RF-900異常啟動無開啟水龍頭，馬達一直運轉，廢水不止,https://youtube.com/shorts/losD7QdMhR8
9933維修影片03電熱管拆裝影片,https://youtu.be/7MBK7ro2c7o
9933維修影片上面板拆解影片,https://youtu.be/_FP6aqMZdnE
9933維修影片上面板組裝影片 2,https://youtu.be/6-Wxv6bNbjU
9933維修影片外觀拆裝影片,https://youtu.be/ieecC-_PnGA
TK-6000 CA檢修 水源與Q1000出水水質比對,https://youtube.com/shorts/Z-56LXyFR5E?feature=share
TK-6000 CA檢修 更換Q1000後的出水水質確認透明清澈,https://youtube.com/shorts/bSX1dg1mIbA
TK-6000 CA檢修 更換Q1000後的出水與舊Q1000水樣比對,https://youtube.com/shorts/zHv8MX7hum8
TK-6000 CA檢修 維修後影片,https://youtube.com/shorts/Nw9xeb4IIZw
TK-6000龍頭滴水原因電磁閥無法關閉,https://youtube.com/shorts/nFb8QM4dNT0
PL-B502開水後螢幕布顯示皆會跳回日常段流量計、電控板問題,https://youtube.com/shorts/-z-SUyKz2yw
TK-6000 CA檢修 維修前影片,https://youtube.com/shorts/ckDEzSoqNmk
PL-505 流量計故障 維修前,https://youtube.com/shorts/dU1ZyfrKCGg
PL-505 流量計故障 維修後,https://youtube.com/shorts/ll6RhS-e3Pc
PL-505 流量計故障 維修中,https://youtube.com/shorts/nmU5lPhziqw
TK4000結構介紹,https://youtu.be/gtMLEtOT86c
TK4000絕緣橡皮套更換教學,https://youtu.be/KsOdC0dhMfE
TK4000機內漏水簡易排除,https://youtu.be/5JFSfbq-hew
TK-5000 TK-6000排除氣阻,https://youtu.be/elJaMeERtDw
TK-5000 TK-6000溫度設定,https://youtu.be/DL85KfWXrT0
桌上型WD-583與落地型WS-1153如何排碳,https://youtu.be/S5aZRqO0PLw
桌上型WD-583與落地型WS 1153機內結構介紹,https://youtu.be/VjG2spOq69E
RF有桶式RO結構介紹,https://youtu.be/rKww4sqOcLE
如何切換機械式RF-800與RF8-00 1200版本,https://youtu.be/p3mAyt3jJgw
當機械式RF-800&RF-900出水馬達不作動的情況,https://youtu.be/YFLkAgU5KXE
機械式RF-800&RF-900不用水時異常作動,https://youtu.be/HprdxyZiOHE
機械式RF-800&RF-900不用水時異常作動加裝逆止閥在RO膜出水處,https://youtu.be/a-Gwv54Owvc
機械式RF-800基本介紹,https://youtu.be/c9gQwGsZgbI
濾菌生飲淨水器系列 ( PF-207  PF-203  PF-202 )安裝順序 水源  P2000濾芯 P3000濾芯必須單獨放流3 5分鐘直至無味道 P7000濾芯,https://youtu.be/t-qM2G40-ls
濾菌生飲淨水器系列 ( PF-207  PF-203  PF-202 )佐證濾芯已放流完成,https://youtu.be/zy1iupYDyrc
P3000獨立放流,https://youtu.be/7ebTnLgxluI
安裝範例 RF-800  6.安裝漏水斷路器 影片2,https://youtu.be/Iz_R5UMnbDg
安裝範例 RF-800  7.裝廢水管三通 影片1,https://youtu.be/mzYxIaiGoJ4
安裝範例 RF-800 7.裝廢水管三通 影片2,https://youtu.be/ToNAIG-rry4
安裝範例 RF-800 8.濾心排碳 影片1,https://youtu.be/09-tRVvSZwk
安裝範例 RF-800 8.濾心排碳 影片2,https://youtu.be/mQPnQTqIHsY
安裝範例 RF-800 9. 量測TDS 餘氯 影片1,https://youtu.be/3psZ8Esm4pU
安裝範例 RF-800 9.量測TDS 餘氯影片2,https://youtu.be/HX8cXKzAnQE
安裝範例 RF-800 10.管線用金字筆畫線,https://youtu.be/HkOngx-mr-g
安裝範例 RF-800 1.量測電壓,https://youtu.be/2r1e2tYOhZI
安裝範例 RF-800 2.水源關水後裝分水器,https://youtu.be/dWoKO3HnIMk
安裝範例 RF-800 3.量測水壓,https://youtu.be/j7gA6n-TK68
安裝範例 RF-800 4.打檯面龍頭洞,https://youtu.be/0EoK2b4kYhw
安裝範例 RF-800 5.安裝龍頭,https://youtu.be/9uylmgeNveE
安裝範例 RF-800 6.安裝漏水斷路器 影片1,https://youtu.be/vTNnFQNHi3g
如何量測水壓,https://youtu.be/QFbY2MxIkvA
如何量測電壓,https://youtu.be/vItvJsV4K4U
電鑽使用方法及鑽洞2 基本鑽洞介紹,https://youtu.be/O8G0i4RsFMU
電鑽使用方法及鑽洞3 基本鑽洞介紹,https://youtu.be/J9WAVU1lzFE
電鑽使用方法及鑽洞1 電鑽段位介紹,https://youtu.be/ZmwcWG_kQqs
UVC殺菌龍頭 安裝注意事項UVC龍頭,https://youtu.be/KpwUiBeXeXs
新款單 雙出水龍頭安裝注意事項,https://youtube.com/shorts/2Zc6-spVXrs
PL-705大保養,https://youtu.be/1IlSNXhty_8
PL-705小保養,https://youtu.be/3YvFu0C4pew
PL-705逆洗公升數設定調整,https://youtube.com/shorts/AUd8sUmszkI
PL-B502大保養,https://youtu.be/0zXS2xNQ3Fo
PL-B502小保養,https://youtu.be/UIVfVBkV5Sk
TK4000洗缸,https://youtu.be/Yu7LlGj01xU
TK-50000/TK-6000洗缸,https://youtu.be/GxCSUCGiH7g
TK-5000/TK-6000熱水出水口酸洗流程,https://youtube.com/shorts/Nl_BxgWpYvA
VS-705大保養,https://youtu.be/NNzf67gJC3w
VS-705小保養,https://youtu.be/FE4yW9GfB0c
VS-705 CLEAN逆洗公升數設定,https://youtube.com/shorts/5K1ciMFQJ80
WD-350缸體與機台洗淨說明 2 熱缸逆止閥卸除 清潔說明,https://youtu.be/1sppq2DYtxA
WD-350缸體與機台洗淨說明 3 缸體清洗,https://youtu.be/k7thZafTexQ
WD-350缸體與機台洗淨說明 4 泡檸檬酸前的注意事項,https://youtu.be/GQxJPm3WMZo
WD-350缸體與機台洗淨說明 5 泡檸檬酸,https://youtu.be/YAjFo9SDheA
WD-350缸體與機台洗淨說明 6 泡完排水說明,https://youtu.be/2WfxWbkDNK4
WD-350缸體與機台洗淨說明 1 打開上蓋,https://youtu.be/rRWHG1AlLio
TK-6000 搬運注意事項,https://youtube.com/shorts/YFrhpqs79uk
RF RFX 電子系列濾心歸零方式,https://youtube.com/shorts/GKlClnZvwtA
WS-1153/WD-583/WD-582電源板線路介紹,https://youtube.com/shorts/0KZcKPtF6Nc
WS-1153/WD-583/WD-582正面板拆卸方式,https://youtu.be/rNS9nUb_-8E
WS-1153/WD-583/WD-582機台簡介,https://youtu.be/leOmF2QZtdg
WS-1153/WD-583/WD-582水路介紹,https://youtu.be/ZsdO9QQI-K8
WS-1153/WD-583冰控介紹,https://youtube.com/shorts/mKW4DiYlgpA
WS-1153/WD-583/WD-582保溫設定,https://youtube.com/shorts/f4EV8XvElOU
WS-1153/WD-583/WD-582按鍵板拆裝方式,https://youtube.com/shorts/pf3mEMj4WUI
WS-1153/WD-583/WD-582溫度設定方式,https://youtube.com/shorts/HGyS3ZEAQjM
WS-1153/WD-583/WD-582電腦板線路介紹,https://youtube.com/shorts/ioCK7FK7osg
WS-1153/WD-583/WD-582電磁閥安裝方式,https://youtube.com/shorts/2uSMGaPvu-o
WS-1153/WD-583/WD-582電磁閥拆卸方式 影片1,https://youtube.com/shorts/6viByR33ND8
WS-1153/WD-583/WD-582側板上蓋拆裝方式,https://youtube.com/shorts/vxaqUOlGchs
WS-1153/WD-583不開機或冰水不冰,https://youtube.com/shorts/ezhvYoMKlBY
WS-1153/WD-583/WD-582水位計介紹與拆卸方式,https://youtube.com/shorts/CEmGa-yZhcc
WS-1153/WD-583/WD-582加熱系統介紹,https://youtube.com/shorts/EOpDpibXtMA
WS-1153/WD-583/WD-582電磁閥拆卸方式影片 2,https://youtube.com/shorts/T6FZiYKh2jw
WS-1153/WD-583/WD-582熱缸水位計拆卸方式,https://youtube.com/shorts/cC30ozkzQ7U
9833 恢復原廠設定,https://youtube.com/shorts/YGZfw_HEY5M
9833下蓋拆卸與安裝方式,https://youtube.com/shorts/lv__ObPpLs4
9833冰出水介紹,https://youtube.com/shorts/1s1Vpr0NIYA
9833冰控開關介紹開影片2,https://youtube.com/shorts/38fQ-iJhDBE
9833電源板介紹 影片1,https://youtu.be/c-k9UrCPEe4
9833供電方式,https://youtube.com/shorts/cLu1m1KMw1I
9833按鍵板拆裝方式,https://youtube.com/shorts/eZ-01edPAE8
9833側板上蓋拆卸方式,https://youtube.com/shorts/YG5ua3AslxQ
9833溫度調整方式,https://youtube.com/shorts/aTVmfLWnuZM
9833電源板介紹 影片2,https://youtube.com/shorts/w0KfoF3daVE
9833電腦板介紹,https://youtube.com/shorts/pZmETRJgwI0
9833機台簡介,https://youtu.be/YyLc-YHkHGw
9833電腦板拆卸方式,https://youtube.com/shorts/xM_5rqhT5yw
9833漏電斷路器介紹,https://youtube.com/shorts/lqi3rFOJGy4
9833變壓器電壓量測方式,https://youtube.com/shorts/a7BB-__QptY
9933水路介紹,https://youtube.com/shorts/d0TgpfUdFbw
9933加熱運作方式,https://youtube.com/shorts/oHsy2CUm5LA
9933保險絲座安裝方式,https://youtube.com/shorts/dbYoEPT9xOg
9933保險絲座拆卸方式,https://youtube.com/shorts/NtDgxdewv4o
9933按鍵板介紹,https://youtube.com/shorts/Rqsaju60INY
9933按鍵板插卸方式,https://youtube.com/shorts/vKZjHp2Adrg
9933高低水位計拆卸與組裝,https://youtube.com/shorts/v6yVOaCnNuM
9933程控設定,https://youtube.com/shorts/x0hY4H2bdJY
9933電源板介紹,https://youtube.com/shorts/li6aGg70hnI
9933電腦板拆卸方式,https://youtube.com/shorts/L1WBaphw0Rw
9933 電磁閥安裝方式,https://youtube.com/shorts/xzU8nHm6QYk
9933 電磁閥拆裝,https://youtube.com/shorts/VOH4uYoLbUg
9933不開機,https://youtube.com/shorts/2K-7bhLct1M
9933內部構造簡介,https://youtube.com/shorts/LRgVx1cmpoU
9933前面板與側板拆卸方式,https://youtu.be/9qDaWfjO0No
9933電腦板線路介紹,https://youtu.be/OIr68EUuARI
9933電熱管安裝方式,https://youtu.be/8e2rUfUEk7s
9933漏電斷路器安裝方式,https://youtu.be/Mj50uKexkLQ
STR 9933機台簡介,https://youtu.be/3O-GUhUw9xw
9933變壓器電壓量測方式,https://youtube.com/shorts/MX0oQ4hFbkw
9933電熱管拆卸方式,https://youtube.com/shorts/2fgbKq7CfX0
9933漏電斷路器拆卸方式,https://youtube.com/shorts/J6n5znsx9dM
9933熱桶感溫棒安裝方式,https://youtube.com/shorts/bQnGGWxsaY8
9933熱桶感溫棒拆裝方式,https://youtube.com/shorts/9qbE-EDF39w
單出水龍頭 軸心更換作業,https://youtube.com/shorts/iKOcHcqVYTw
PL-705 6 異音故障排除,https://youtu.be/3VYE4FzH3c4
PL-705 8 鹼性段之故障排除,https://youtu.be/7T7C8Jgo1oo
PL-705 9 螢幕故障排除,https://youtu.be/ehvA1EH8i8I
PL-705 7 出水有雜質故障排除,https://youtu.be/z7LOiX_OnTg
PL-705 1 異常碼Er01故障排除,https://youtu.be/EKG3bDKDzjM
PL-705 2 漏水故障排除,https://youtu.be/Q_TFOBBOlf0
PL-705 3 缺水故障排除,https://youtu.be/q9PMHj8q3K0
PL-705 4 流量計故障排除,https://youtu.be/fbyyciKBqHg
PL-705逆洗調整,https://youtube.com/shorts/VQBpbXr6__U
PL-705 5 面板觸控不良故障排除,https://youtu.be/3PgIRDDIAdE
PL-705 PLUS 5 面板觸控不良故障排除,https://youtu.be/gzTp6STJ9d4
PL-705 PLUS 8 鹼性段之故障排除,https://youtu.be/1GP3F7_T5nU
PL-705 PLUS 9 螢幕故障排除,https://youtu.be/kHMtihJYmDk
PL-705 PLUS差異點介紹,https://youtu.be/aD1hxLUy0-Y
PL-705 PLUS 1 異常碼Er01故障排除,https://youtu.be/pA1o12KbcNY
PL-705 PLUS 2 漏水故障排除,https://youtu.be/drCaFX1ZKUE
PL-705 PLUS 3 缺水故障排除,https://youtu.be/00kFPY_5wJI
PL-705 PLUS 4 流量計故障排除,https://youtu.be/A_mCWtA1fWc
VS-705 觸控不良,https://youtube.com/shorts/cF4QSVuAQrA
VS-705電控板線路介紹,https://youtube.com/shorts/Lh_Z9D751tM
VS-705機台介紹,https://youtube.com/shorts/-MxJLTWl98s
VS-705 拆Switch Power,https://youtube.com/shorts/DrFPf9dSalU
VS-705拆流量計,https://youtube.com/shorts/jJqikXwxltI
VS-705電控板線路介紹,https://youtube.com/shorts/LadduTrQ0JE
VS-705 龍頭傳輸線插拔問題,https://youtu.be/nVJxnK71kJ8
VS-705 ER1過熱,https://youtube.com/shorts/ML4bPxhVzxY
VS-705 ER2缺水,https://youtube.com/shorts/W4sFhSe_V5k
VS-705 不開機,https://youtube.com/shorts/g7Z_tHmj3uc
VS-705 螢幕異常,https://youtube.com/shorts/mqXRq8sIYKU
VS-705 螢幕亂跳,https://youtube.com/shorts/B2s-oj9TLl0
VS-705拆電解槽,https://youtube.com/shorts/h0M-VwsbV80
VS-705拆電磁閥,https://youtube.com/shorts/2SqMW_oyErs
VS-705拆調節旋鈕體,https://youtube.com/shorts/AHUPoCVyO4U
VS-705拆龍頭傳輸線,https://youtube.com/shorts/_ngC7Huo1yk
VS-705拆濾芯T型進出水管,https://youtube.com/shorts/b_6gPw_LrE0
PL-705 VS-705 705水路介紹,https://youtu.be/9n7T8hcgxEo
VS-705 裝回Switch Power,https://youtu.be/10PphwZsSyc
VS-705裝回電解槽,https://youtu.be/B0fpbdbNnN8
VS-705裝回電磁閥,https://youtu.be/__CWFSOTGRw
VS-705裝回防水隔板,https://youtube.com/shorts/fleQ4UitkL0
VS-705裝回流量計,https://youtube.com/shorts/w51iR7PFBHE
VS-705調節旋鈕體,https://youtube.com/shorts/AE_mvtUVhis
VS-705裝回龍頭傳輸線,https://youtube.com/shorts/QxMMJIzOwHE
VS-705裝回濾芯T型進出水管,https://youtube.com/shorts/FQFFTVkVsSI
WD-350 拆卸前蓋組件,https://youtu.be/Z1uNRE_Gkzo
WD-350拆卸拆卸濾心,https://youtu.be/kHDSQlh3r64
WD-350拆卸電控板模組,https://youtu.be/RxVEC41CFG0
WD-350拆卸進出水閥門 水位感應組件,https://youtu.be/3WZTWjN0fqc
WD-350拆卸感知線組件,https://youtu.be/ZYeoApSGM24
WD-350拆卸熱缸模組,https://youtu.be/E9zTcnepTmw
WD-350拆卸本產品前排水,https://youtu.be/CS1XeEiOap4
WD-350拆卸上蓋模組,https://youtu.be/AcNdK8K8gYQ
